case_id,slide_id,label,sex,site
C3L-02349,C3L-02349-21,Lung,F,Primary
C3L-04361,C3L-04361-25,Lung,M,Primary
C3L-04361,C3L-04361-21,Lung,M,Primary
C3N-00247,C3N-00247-22,Lung,F,Primary
C3N-00247,C3N-00247-21,Lung,F,Primary
C3L-04912,C3L-04912-22,Lung,F,Primary
C3L-02170,C3L-02170-21,Lung,M,Primary
C3L-02170,C3L-02170-22,Lung,M,Primary
C3L-02170,C3L-02170-23,Lung,M,Primary
C3L-02168,C3L-02168-23,Lung,M,Primary
C3L-02168,C3L-02168-21,Lung,M,Primary
C3L-02168,C3L-02168-24,Lung,M,Primary
C3L-02168,C3L-02168-22,Lung,M,Primary
C3L-02164,C3L-02164-22,Lung,M,Primary
C3L-02164,C3L-02164-21,Lung,M,Primary
C3L-02164,C3L-02164-23,Lung,M,Primary
C3L-02163,C3L-02163-22,Lung,M,Primary
C3L-02163,C3L-02163-21,Lung,M,Primary
C3L-02163,C3L-02163-23,Lung,M,Primary
C3L-02130,C3L-02130-23,Lung,M,Primary
C3L-02130,C3L-02130-22,Lung,M,Primary
C3L-02130,C3L-02130-21,Lung,M,Primary
C3L-02130,C3L-02130-24,Lung,M,Primary
C3L-02127,C3L-02127-21,Lung,M,Primary
C3L-02127,C3L-02127-22,Lung,M,Primary
C3L-02127,C3L-02127-23,Lung,M,Primary
C3L-02127,C3L-02127-24,Lung,M,Primary
C3L-02358,C3L-02358-23,Lung,F,Primary
C3L-02358,C3L-02358-21,Lung,F,Primary
C3L-02358,C3L-02358-22,Lung,F,Primary
C3L-04361,C3L-04361-23,Lung,M,Primary
C3N-00247,C3N-00247-23,Lung,F,Primary
C3L-04336,C3L-04336-21,Lung,M,Primary
C3N-00221,C3N-00221-26,Lung,M,Primary
C3N-00221,C3N-00221-24,Lung,M,Primary
C3N-00221,C3N-00221-28,Lung,M,Primary
C3N-02523,C3N-02523-22,Lung,M,Primary
C3N-00221,C3N-00221-25,Lung,M,Primary
C3L-04361,C3L-04361-24,Lung,M,Primary
C3N-01017,C3N-01017-24,Lung,M,Primary
C3L-04361,C3L-04361-22,Lung,M,Primary
C3N-01017,C3N-01017-21,Lung,M,Primary
C3N-01017,C3N-01017-22,Lung,M,Primary
C3N-01017,C3N-01017-23,Lung,M,Primary
C3N-01020,C3N-01020-21,Lung,M,Primary
C3N-01020,C3N-01020-24,Lung,M,Primary
C3L-04889,C3L-04889-23,Lung,M,Primary
C3L-04889,C3L-04889-21,Lung,M,Primary
C3N-01020,C3N-01020-22,Lung,M,Primary
C3N-01020,C3N-01020-23,Lung,M,Primary
C3N-02523,C3N-02523-21,Lung,M,Primary
C3L-02546,C3L-02546-23,Lung,M,Primary
C3L-02546,C3L-02546-21,Lung,M,Primary
C3L-02552,C3L-02552-22,Lung,M,Primary
C3L-02552,C3L-02552-23,Lung,M,Primary
C3N-02494,C3N-02494-21,Lung,F,Primary
C3N-02435,C3N-02435-23,Lung,F,Primary
C3N-02435,C3N-02435-21,Lung,F,Primary
C3L-04912,C3L-04912-21,Lung,F,Primary
C3N-02435,C3N-02435-22,Lung,F,Primary
C3L-04889,C3L-04889-24,Lung,M,Primary
C3L-04912,C3L-04912-25,Lung,F,Primary
C3L-04378,C3L-04378-23,Lung,M,Primary
C3L-01884,C3L-01884-23,Lung,M,Primary
C3L-01884,C3L-01884-22,Lung,M,Primary
C3L-01884,C3L-01884-21,Lung,M,Primary
C3N-02434,C3N-02434-22,Lung,M,Primary
C3N-02434,C3N-02434-23,Lung,M,Primary
C3N-00221,C3N-00221-27,Lung,M,Primary
C3L-04912,C3L-04912-24,Lung,F,Primary
C3N-02434,C3N-02434-21,Lung,M,Primary
C3L-05420,C3L-05420-25,Lung,F,Primary
C3L-05417,C3L-05417-23,Lung,M,Primary
C3N-02426,C3N-02426-21,Lung,F,Primary
C3N-02425,C3N-02425-22,Lung,M,Primary
C3L-01838,C3L-01838-23,Lung,M,Primary
C3L-04889,C3L-04889-22,Lung,M,Primary
C3N-03051,C3N-03051-22,Lung,M,Primary
C3N-03051,C3N-03051-21,Lung,M,Primary
C3N-03662,C3N-03662-21,Lung,M,Primary
C3N-02426,C3N-02426-22,Lung,F,Primary
C3L-02619,C3L-02619-25,Lung,M,Primary
C3L-02619,C3L-02619-23,Lung,M,Primary
C3N-03072,C3N-03072-22,Lung,M,Primary
C3N-01025,C3N-01025-24,Lung,M,Primary
C3N-02575,C3N-02575-22,Lung,M,Primary
C3L-02619,C3L-02619-21,Lung,M,Primary
C3N-01025,C3N-01025-21,Lung,M,Primary
C3N-01025,C3N-01025-23,Lung,M,Primary
C3N-01025,C3N-01025-22,Lung,M,Primary
C3N-01028,C3N-01028-23,Lung,M,Primary
C3L-02619,C3L-02619-22,Lung,M,Primary
C3L-02619,C3L-02619-24,Lung,M,Primary
C3N-02425,C3N-02425-21,Lung,M,Primary
C3N-03662,C3N-03662-23,Lung,M,Primary
C3L-05417,C3L-05417-24,Lung,M,Primary
C3L-05417,C3L-05417-22,Lung,M,Primary
C3L-05417,C3L-05417-21,Lung,M,Primary
C3L-01663,C3L-01663-21,Lung,F,Primary
C3L-01663,C3L-01663-22,Lung,F,Primary
C3N-01028,C3N-01028-21,Lung,M,Primary
C3N-01028,C3N-01028-22,Lung,M,Primary
C3N-01028,C3N-01028-24,Lung,M,Primary
C3L-04912,C3L-04912-23,Lung,F,Primary
C3L-04916,C3L-04916-23,Lung,F,Primary
C3L-04916,C3L-04916-24,Lung,F,Primary
C3L-04916,C3L-04916-22,Lung,F,Primary
C3L-04916,C3L-04916-25,Lung,F,Primary
C3N-04127,C3N-04127-21,Lung,M,Primary
C3N-00211,C3N-00211-21,Lung,M,Primary
C3L-04889,C3L-04889-25,Lung,M,Primary
C3L-01606,C3L-01606-21,Lung,M,Primary
C3N-00211,C3N-00211-22,Lung,M,Primary
C3L-04888,C3L-04888-24,Lung,F,Primary
C3N-02575,C3N-02575-21,Lung,M,Primary
C3N-00211,C3N-00211-23,Lung,M,Primary
C3L-02625,C3L-02625-23,Lung,M,Primary
C3L-02625,C3L-02625-22,Lung,M,Primary
C3L-04921,C3L-04921-25,Lung,M,Primary
C3L-02625,C3L-02625-21,Lung,M,Primary
C3L-02625,C3L-02625-24,Lung,M,Primary
C3L-02625,C3L-02625-25,Lung,M,Primary
C3N-03072,C3N-03072-21,Lung,M,Primary
C3N-03076,C3N-03076-21,Lung,M,Primary
C3L-02627,C3L-02627-21,Lung,F,Primary
C3L-02627,C3L-02627-25,Lung,F,Primary
C3L-02627,C3L-02627-23,Lung,F,Primary
C3L-01455,C3L-01455-21,Lung,M,Primary
C3L-01455,C3L-01455-23,Lung,M,Primary
C3L-01455,C3L-01455-22,Lung,M,Primary
C3L-02627,C3L-02627-24,Lung,F,Primary
C3L-02627,C3L-02627-22,Lung,F,Primary
C3L-02629,C3L-02629-21,Lung,M,Primary
C3L-02629,C3L-02629-22,Lung,M,Primary
C3L-05411,C3L-05411-21,Lung,F,Primary
C3L-02629,C3L-02629-23,Lung,M,Primary
C3N-00211,C3N-00211-24,Lung,M,Primary
C3N-01767,C3N-01767-22,Lung,F,Primary
C3L-02629,C3L-02629-25,Lung,M,Primary
C3L-02629,C3L-02629-24,Lung,M,Primary
C3N-01768,C3N-01768-26,Lung,F,Primary
C3N-03662,C3N-03662-22,Lung,M,Primary
C3N-03076,C3N-03076-22,Lung,M,Primary
C3L-05417,C3L-05417-25,Lung,M,Primary
C3N-03092,C3N-03092-22,Lung,M,Primary
C3L-05411,C3L-05411-23,Lung,F,Primary
C3N-02374,C3N-02374-21,Lung,M,Primary
C3N-02375,C3N-02375-22,Lung,M,Primary
C3N-02375,C3N-02375-21,Lung,M,Primary
C3N-03092,C3N-03092-23,Lung,M,Primary
C3N-03093,C3N-03093-22,Lung,F,Primary
C3N-03092,C3N-03092-21,Lung,M,Primary
C3N-03092,C3N-03092-24,Lung,M,Primary
C3L-02646,C3L-02646-25,Lung,M,Primary
C3L-02646,C3L-02646-22,Lung,M,Primary
C3L-01285,C3L-01285-21,Lung,M,Primary
C3L-02646,C3L-02646-21,Lung,M,Primary
C3L-01285,C3L-01285-22,Lung,M,Primary
C3L-01285,C3L-01285-23,Lung,M,Primary
C3L-02646,C3L-02646-24,Lung,M,Primary
C3N-03093,C3N-03093-23,Lung,F,Primary
C3N-03093,C3N-03093-24,Lung,F,Primary
C3L-02646,C3L-02646-23,Lung,M,Primary
C3N-03093,C3N-03093-21,Lung,F,Primary
C3N-01194,C3N-01194-24,Lung,M,Primary
C3L-04888,C3L-04888-23,Lung,F,Primary
C3L-04888,C3L-04888-25,Lung,F,Primary
C3L-04888,C3L-04888-22,Lung,F,Primary
C3L-04888,C3L-04888-21,Lung,F,Primary
C3L-04749,C3L-04749-24,Lung,M,Primary
C3L-04887,C3L-04887-22,Lung,M,Primary
C3L-04746,C3L-04746-21,Lung,M,Primary
C3N-02374,C3N-02374-22,Lung,M,Primary
C3L-04746,C3L-04746-23,Lung,M,Primary
C3N-03882,C3N-03882-21,Lung,M,Primary
C3N-02339,C3N-02339-21,Lung,M,Primary
C3L-04746,C3L-04746-22,Lung,M,Primary
C3L-05693,C3L-05693-21,Lung,F,Primary
C3L-04746,C3L-04746-24,Lung,M,Primary
C3L-04749,C3L-04749-21,Lung,M,Primary
C3N-02339,C3N-02339-23,Lung,M,Primary
C3L-04379,C3L-04379-21,Lung,M,Primary
C3N-02339,C3N-02339-22,Lung,M,Primary
C3L-04749,C3L-04749-23,Lung,M,Primary
C3L-04336,C3L-04336-23,Lung,M,Primary
C3L-04336,C3L-04336-22,Lung,M,Primary
C3N-03848,C3N-03848-22,Lung,F,Primary
C3L-04749,C3L-04749-22,Lung,M,Primary
C3L-04916,C3L-04916-21,Lung,F,Primary
C3L-04887,C3L-04887-23,Lung,M,Primary
C3L-04336,C3L-04336-24,Lung,M,Primary
C3L-04921,C3L-04921-22,Lung,M,Primary
C3L-04336,C3L-04336-25,Lung,M,Primary
C3L-05411,C3L-05411-22,Lung,F,Primary
C3N-02300,C3N-02300-23,Lung,F,Primary
C3N-02300,C3N-02300-22,Lung,F,Primary
C3N-02285,C3N-02285-23,Lung,F,Primary
C3N-02289,C3N-02289-26,Lung,M,Primary
C3N-02288,C3N-02288-23,Lung,F,Primary
C3N-02285,C3N-02285-24,Lung,F,Primary
C3L-02648,C3L-02648-25,Lung,M,Primary
C3N-02284,C3N-02284-22,Lung,M,Primary
C3N-02284,C3N-02284-21,Lung,M,Primary
C3L-05428,C3L-05428-25,Lung,M,Primary
C3N-02283,C3N-02283-21,Lung,M,Primary
C3N-03848,C3N-03848-21,Lung,F,Primary
C3N-02283,C3N-02283-22,Lung,M,Primary
C3N-03851,C3N-03851-24,Lung,M,Primary
C3L-05411,C3L-05411-24,Lung,F,Primary
C3L-00503,C3L-00503-22,Lung,F,Primary
C3L-00503,C3L-00503-21,Lung,F,Primary
C3L-04921,C3L-04921-21,Lung,M,Primary
C3L-05428,C3L-05428-24,Lung,M,Primary
C3L-05428,C3L-05428-23,Lung,M,Primary
C3N-04162,C3N-04162-21,Lung,M,Primary
C3N-03851,C3N-03851-21,Lung,M,Primary
C3N-03875,C3N-03875-22,Lung,M,Primary
C3L-04921,C3L-04921-24,Lung,M,Primary
C3L-01000,C3L-01000-24,Lung,M,Primary
C3L-04216,C3L-04216-23,Lung,M,Primary
C3N-04124,C3N-04124-21,Lung,M,Primary
C3L-01000,C3L-01000-25,Lung,M,Primary
C3N-04124,C3N-04124-22,Lung,M,Primary
C3N-04127,C3N-04127-22,Lung,M,Primary
C3L-04216,C3L-04216-22,Lung,M,Primary
C3L-04216,C3L-04216-25,Lung,M,Primary
C3L-00503,C3L-00503-23,Lung,F,Primary
C3L-04216,C3L-04216-21,Lung,M,Primary
C3L-04379,C3L-04379-25,Lung,M,Primary
C3L-04379,C3L-04379-24,Lung,M,Primary
C3N-02252,C3N-02252-29,Lung,F,Primary
C3L-04216,C3L-04216-24,Lung,M,Primary
C3L-00993,C3L-00993-24,Lung,M,Primary
C3L-04379,C3L-04379-22,Lung,M,Primary
C3L-00993,C3L-00993-23,Lung,M,Primary
C3L-00993,C3L-00993-21,Lung,M,Primary
C3N-03886,C3N-03886-21,Lung,M,Primary
C3L-00993,C3L-00993-22,Lung,M,Primary
C3L-04883,C3L-04883-22,Lung,M,Primary
C3L-04887,C3L-04887-21,Lung,M,Primary
C3L-04887,C3L-04887-24,Lung,M,Primary
C3L-06169,C3L-06169-25,Lung,M,Primary
C3L-06169,C3L-06169-24,Lung,M,Primary
C3L-06169,C3L-06169-23,Lung,M,Primary
C3L-06169,C3L-06169-22,Lung,M,Primary
C3N-03886,C3N-03886-22,Lung,M,Primary
C3L-02648,C3L-02648-22,Lung,M,Primary
C3L-02648,C3L-02648-21,Lung,M,Primary
C3L-02648,C3L-02648-23,Lung,M,Primary
C3L-02648,C3L-02648-24,Lung,M,Primary
C3L-04887,C3L-04887-25,Lung,M,Primary
C3L-02649,C3L-02649-25,Lung,M,Primary
C3L-02649,C3L-02649-22,Lung,M,Primary
C3L-04883,C3L-04883-23,Lung,M,Primary
C3L-04883,C3L-04883-25,Lung,M,Primary
C3L-04883,C3L-04883-21,Lung,M,Primary
C3L-00965,C3L-00965-23,Lung,M,Primary
C3L-00965,C3L-00965-22,Lung,M,Primary
C3L-04883,C3L-04883-24,Lung,M,Primary
C3L-00965,C3L-00965-21,Lung,M,Primary
C3L-00965,C3L-00965-24,Lung,M,Primary
C3L-02649,C3L-02649-24,Lung,M,Primary
C3L-02649,C3L-02649-21,Lung,M,Primary
C3L-02649,C3L-02649-23,Lung,M,Primary
C3L-02650,C3L-02650-23,Lung,M,Primary
C3L-02650,C3L-02650-26,Lung,M,Primary
C3L-02650,C3L-02650-22,Lung,M,Primary
C3N-01411,C3N-01411-24,Lung,M,Primary
C3N-01411,C3N-01411-23,Lung,M,Primary
C3N-01411,C3N-01411-21,Lung,M,Primary
C3N-01411,C3N-01411-22,Lung,M,Primary
C3L-02650,C3L-02650-25,Lung,M,Primary
C3L-02650,C3L-02650-24,Lung,M,Primary
C3L-00927,C3L-00927-21,Lung,M,Primary
C3L-00927,C3L-00927-22,Lung,M,Primary
C3L-00923,C3L-00923-23,Lung,F,Primary
C3L-00927,C3L-00927-23,Lung,M,Primary
C3N-03886,C3N-03886-23,Lung,M,Primary
C3L-06169,C3L-06169-21,Lung,M,Primary
C3L-02660,C3L-02660-23,Lung,M,Primary
C3L-02660,C3L-02660-25,Lung,M,Primary
C3L-02660,C3L-02660-24,Lung,M,Primary
C3N-03875,C3N-03875-21,Lung,M,Primary
C3L-04786,C3L-04786-25,Lung,M,Primary
C3L-05428,C3L-05428-21,Lung,M,Primary
C3L-02660,C3L-02660-21,Lung,M,Primary
C3L-02665,C3L-02665-21,Lung,M,Primary
C3L-00904,C3L-00904-21,Lung,M,Primary
C3L-00904,C3L-00904-22,Lung,M,Primary
C3L-02665,C3L-02665-22,Lung,M,Primary
C3L-02660,C3L-02660-22,Lung,M,Primary
C3L-02665,C3L-02665-23,Lung,M,Primary
C3L-02665,C3L-02665-25,Lung,M,Primary
C3L-02665,C3L-02665-24,Lung,M,Primary
C3L-02669,C3L-02669-23,Lung,M,Primary
C3L-02669,C3L-02669-24,Lung,M,Primary
C3L-02669,C3L-02669-25,Lung,M,Primary
C3L-02669,C3L-02669-22,Lung,M,Primary
C3L-02669,C3L-02669-21,Lung,M,Primary
C3L-05411,C3L-05411-25,Lung,F,Primary
C3N-03877,C3N-03877-22,Lung,M,Primary
C3L-05399,C3L-05399-23,Lung,M,Primary
C3L-05399,C3L-05399-24,Lung,M,Primary
C3N-03877,C3N-03877-21,Lung,M,Primary
C3N-02675,C3N-02675-24,Lung,M,Primary
C3L-05399,C3L-05399-21,Lung,M,Primary
C3L-04079,C3L-04079-22,Lung,F,Primary
C3N-03204,C3N-03204-22,Lung,M,Primary
C3N-03204,C3N-03204-21,Lung,M,Primary
C3L-04880,C3L-04880-23,Lung,M,Primary
C3L-04880,C3L-04880-24,Lung,M,Primary
C3L-04880,C3L-04880-22,Lung,M,Primary
C3L-04079,C3L-04079-21,Lung,F,Primary
C3L-04880,C3L-04880-21,Lung,M,Primary
C3L-04880,C3L-04880-25,Lung,M,Primary
C3L-04878,C3L-04878-23,Lung,M,Primary
C3L-04878,C3L-04878-22,Lung,M,Primary
C3L-05399,C3L-05399-22,Lung,M,Primary
C3L-05398,C3L-05398-24,Lung,M,Primary
C3L-05398,C3L-05398-21,Lung,M,Primary
C3L-05399,C3L-05399-25,Lung,M,Primary
C3L-05398,C3L-05398-23,Lung,M,Primary
C3L-05398,C3L-05398-22,Lung,M,Primary
C3L-04878,C3L-04878-21,Lung,M,Primary
C3L-04878,C3L-04878-24,Lung,M,Primary
C3L-05398,C3L-05398-25,Lung,M,Primary
C3L-04878,C3L-04878-25,Lung,M,Primary
C3L-05397,C3L-05397-23,Lung,M,Primary
C3L-05397,C3L-05397-25,Lung,M,Primary
C3L-05397,C3L-05397-24,Lung,M,Primary
C3L-04874,C3L-04874-23,Lung,M,Primary
C3L-04874,C3L-04874-22,Lung,M,Primary
C3L-04874,C3L-04874-24,Lung,M,Primary
C3L-04874,C3L-04874-21,Lung,M,Primary
C3N-03880,C3N-03880-21,Lung,M,Primary
C3L-04874,C3L-04874-25,Lung,M,Primary
C3N-03880,C3N-03880-22,Lung,M,Primary
C3L-05397,C3L-05397-21,Lung,M,Primary
C3L-04873,C3L-04873-22,Lung,M,Primary
C3L-04873,C3L-04873-23,Lung,M,Primary
C3L-05397,C3L-05397-22,Lung,M,Primary
C3L-04873,C3L-04873-21,Lung,M,Primary
C3L-04873,C3L-04873-25,Lung,M,Primary
C3N-03882,C3N-03882-22,Lung,M,Primary
C3L-05394,C3L-05394-24,Lung,M,Primary
C3L-04873,C3L-04873-24,Lung,M,Primary
C3L-05394,C3L-05394-23,Lung,M,Primary
C3L-05394,C3L-05394-21,Lung,M,Primary
C3L-05394,C3L-05394-22,Lung,M,Primary
C3L-00603,C3L-00603-21,Lung,M,Primary
C3L-00603,C3L-00603-22,Lung,M,Primary
C3L-04856,C3L-04856-25,Lung,M,Primary
C3L-04872,C3L-04872-23,Lung,M,Primary
C3L-04872,C3L-04872-21,Lung,M,Primary
C3L-04746,C3L-04746-25,Lung,M,Primary
C3L-05428,C3L-05428-22,Lung,M,Primary
C3L-04786,C3L-04786-22,Lung,M,Primary
C3L-04872,C3L-04872-24,Lung,M,Primary
C3N-04155,C3N-04155-23,Lung,M,Primary
C3L-04786,C3L-04786-24,Lung,M,Primary
C3N-01018,C3N-01018-24,Lung,M,Primary
C3L-04367,C3L-04367-21,Lung,M,Primary
C3L-04872,C3L-04872-22,Lung,M,Primary
C3L-04367,C3L-04367-22,Lung,M,Primary
C3L-02891,C3L-02891-23,Lung,F,Primary
C3L-02891,C3L-02891-21,Lung,F,Primary
C3L-00568,C3L-00568-23,Lung,F,Primary
C3L-04861,C3L-04861-22,Lung,M,Primary
C3L-00568,C3L-00568-22,Lung,F,Primary
C3L-00568,C3L-00568-21,Lung,F,Primary
C3L-04872,C3L-04872-25,Lung,M,Primary
C3L-02951,C3L-02951-23,Lung,M,Primary
C3L-05394,C3L-05394-25,Lung,M,Primary
C3L-02963,C3L-02963-23,Lung,M,Primary
C3L-02951,C3L-02951-22,Lung,M,Primary
C3L-02963,C3L-02963-21,Lung,M,Primary
C3L-02963,C3L-02963-22,Lung,M,Primary
C3L-04871,C3L-04871-23,Lung,M,Primary
C3L-02964,C3L-02964-21,Lung,M,Primary
C3L-04367,C3L-04367-25,Lung,M,Primary
C3L-04367,C3L-04367-24,Lung,M,Primary
C3L-02964,C3L-02964-22,Lung,M,Primary
C3L-00445,C3L-00445-25,Lung,M,Primary
C3L-00445,C3L-00445-21,Lung,M,Primary
C3L-00445,C3L-00445-26,Lung,M,Primary
C3L-02968,C3L-02968-22,Lung,M,Primary
C3L-02969,C3L-02969-22,Lung,M,Primary
C3L-02969,C3L-02969-21,Lung,M,Primary
C3N-01018,C3N-01018-21,Lung,M,Primary
C3L-05393,C3L-05393-22,Lung,M,Primary
C3N-01018,C3N-01018-23,Lung,M,Primary
C3L-05393,C3L-05393-24,Lung,M,Primary
C3N-04155,C3N-04155-22,Lung,M,Primary
C3L-00415,C3L-00415-21,Lung,F,Primary
C3L-00415,C3L-00415-23,Lung,F,Primary
C3L-04871,C3L-04871-21,Lung,M,Primary
C3L-04871,C3L-04871-22,Lung,M,Primary
C3L-05393,C3L-05393-23,Lung,M,Primary
C3L-04786,C3L-04786-21,Lung,M,Primary
C3L-05393,C3L-05393-21,Lung,M,Primary
C3L-05393,C3L-05393-25,Lung,M,Primary
C3L-05392,C3L-05392-21,Lung,M,Primary
C3L-02624,C3L-02624-21,Lung,M,Primary
C3L-05392,C3L-05392-23,Lung,M,Primary
C3L-05392,C3L-05392-22,Lung,M,Primary
C3L-05392,C3L-05392-24,Lung,M,Primary
C3L-04378,C3L-04378-22,Lung,M,Primary
C3L-05369,C3L-05369-21,Lung,M,Primary
C3L-05392,C3L-05392-25,Lung,M,Primary
C3L-02624,C3L-02624-22,Lung,M,Primary
C3L-02624,C3L-02624-24,Lung,M,Primary
C3L-02624,C3L-02624-25,Lung,M,Primary
C3L-02624,C3L-02624-23,Lung,M,Primary
C3L-02618,C3L-02618-21,Lung,M,Primary
C3L-02618,C3L-02618-25,Lung,M,Primary
C3L-05369,C3L-05369-23,Lung,M,Primary
C3L-02618,C3L-02618-24,Lung,M,Primary
C3L-02618,C3L-02618-23,Lung,M,Primary
C3L-02618,C3L-02618-22,Lung,M,Primary
C3L-03272,C3L-03272-22,Lung,M,Primary
C3L-03272,C3L-03272-23,Lung,M,Primary
C3L-03272,C3L-03272-21,Lung,M,Primary
C3L-04921,C3L-04921-23,Lung,M,Primary
C3L-04922,C3L-04922-25,Lung,M,Primary
C3L-04922,C3L-04922-22,Lung,M,Primary
C3L-04378,C3L-04378-25,Lung,M,Primary
C3L-04922,C3L-04922-21,Lung,M,Primary
C3L-05369,C3L-05369-22,Lung,M,Primary
C3L-04922,C3L-04922-23,Lung,M,Primary
C3L-04922,C3L-04922-24,Lung,M,Primary
C3L-05020,C3L-05020-26,Lung,F,Primary
C3L-05369,C3L-05369-25,Lung,M,Primary
C3L-05369,C3L-05369-24,Lung,M,Primary
C3L-05225,C3L-05225-23,Lung,F,Primary
C3L-05020,C3L-05020-25,Lung,F,Primary
C3L-05020,C3L-05020-21,Lung,F,Primary
C3L-04871,C3L-04871-24,Lung,M,Primary
C3L-04868,C3L-04868-24,Lung,M,Primary
C3L-04378,C3L-04378-24,Lung,M,Primary
C3L-03987,C3L-03987-23,Lung,M,Primary
C3L-04786,C3L-04786-23,Lung,M,Primary
C3L-04792,C3L-04792-24,Lung,M,Primary
C3N-01018,C3N-01018-22,Lung,M,Primary
C3L-05020,C3L-05020-22,Lung,F,Primary
C3L-05022,C3L-05022-24,Lung,M,Primary
C3L-05022,C3L-05022-21,Lung,M,Primary
C3L-05022,C3L-05022-22,Lung,M,Primary
C3L-05022,C3L-05022-23,Lung,M,Primary
C3L-04792,C3L-04792-25,Lung,M,Primary
C3L-04871,C3L-04871-25,Lung,M,Primary
C3L-04792,C3L-04792-22,Lung,M,Primary
C3N-04155,C3N-04155-21,Lung,M,Primary
C3L-03987,C3L-03987-22,Lung,M,Primary
C3L-04868,C3L-04868-21,Lung,M,Primary
C3L-03987,C3L-03987-21,Lung,M,Primary
C3L-03987,C3L-03987-25,Lung,M,Primary
C3L-03987,C3L-03987-24,Lung,M,Primary
C3L-04868,C3L-04868-23,Lung,M,Primary
C3L-04868,C3L-04868-22,Lung,M,Primary
C3L-04868,C3L-04868-25,Lung,M,Primary
C3L-04402,C3L-04402-21,Lung,M,Primary
C3N-03486,C3N-03486-23,Lung,M,Primary
C3N-03486,C3N-03486-22,Lung,M,Primary
C3N-03486,C3N-03486-21,Lung,M,Primary
C3L-04792,C3L-04792-21,Lung,M,Primary
C3L-04378,C3L-04378-21,Lung,M,Primary
C3L-00081,C3L-00081-21,Lung,F,Primary
C3L-04792,C3L-04792-23,Lung,M,Primary
C3L-04402,C3L-04402-23,Lung,M,Primary
C3L-04404,C3L-04404-21,Lung,M,Primary
C3L-04804,C3L-04804-24,Lung,M,Primary
C3L-04804,C3L-04804-25,Lung,M,Primary
C3L-04379,C3L-04379-23,Lung,M,Primary
C3N-00229,C3N-00229-30,Lung,F,Primary
C3N-00309,C3N-00309-22,Lung,M,Primary
C3L-04866,C3L-04866-23,Lung,M,Primary
C3L-04866,C3L-04866-21,Lung,M,Primary
C3L-04804,C3L-04804-21,Lung,M,Primary
C3L-04866,C3L-04866-25,Lung,M,Primary
C3L-04804,C3L-04804-23,Lung,M,Primary
C3L-04804,C3L-04804-22,Lung,M,Primary
C3L-04808,C3L-04808-23,Lung,F,Primary
C3L-04866,C3L-04866-24,Lung,M,Primary
C3L-04866,C3L-04866-22,Lung,M,Primary
C3L-04861,C3L-04861-25,Lung,M,Primary
C3L-04854,C3L-04854-22,Lung,M,Primary
C3L-04856,C3L-04856-22,Lung,M,Primary
C3L-05225,C3L-05225-22,Lung,F,Primary
C3N-00309,C3N-00309-24,Lung,M,Primary
C3N-00229,C3N-00229-29,Lung,F,Primary
C3N-05914,C3N-05914-27,Lung,F,Primary
C3N-05929,C3N-05929-23,Lung,M,Primary
C3N-05923,C3N-05923-21,Lung,F,Primary
C3N-05915,C3N-05915-21,Lung,M,Primary
C3N-01893,C3N-01893-23,Lung,M,Primary
C3N-05629,C3N-05629-21,Lung,M,Primary
C3N-05100,C3N-05100-27,Lung,F,Primary
C3N-05080,C3N-05080-27,Lung,M,Primary
C3N-05080,C3N-05080-25,Lung,M,Primary
C3N-05079,C3N-05079-21,Lung,M,Primary
C3N-05078,C3N-05078-21,Lung,M,Primary
C3N-04713,C3N-04713-26,Lung,M,Primary
C3N-04701,C3N-04701-24,Lung,M,Primary
C3N-02688,C3N-02688-21,Lung,M,Primary
C3N-04673,C3N-04673-24,Lung,M,Primary
C3L-05225,C3L-05225-21,Lung,F,Primary
C3L-05225,C3L-05225-25,Lung,F,Primary
C3L-05225,C3L-05225-24,Lung,F,Primary
C3N-04609,C3N-04609-21,Lung,M,Primary
C3N-04609,C3N-04609-22,Lung,M,Primary
C3N-04609,C3N-04609-23,Lung,M,Primary
C3N-04457,C3N-04457-21,Lung,F,Primary
C3N-04457,C3N-04457-23,Lung,F,Primary
C3N-04457,C3N-04457-22,Lung,F,Primary
C3L-05221,C3L-05221-23,Lung,M,Primary
C3L-04854,C3L-04854-23,Lung,M,Primary
C3N-03441,C3N-03441-21,Lung,M,Primary
C3L-03982,C3L-03982-21,Lung,M,Primary
C3L-03982,C3L-03982-22,Lung,M,Primary
C3L-03982,C3L-03982-25,Lung,M,Primary
C3N-04169,C3N-04169-22,Lung,F,Primary
C3L-03678,C3L-03678-21,Lung,M,Primary
C3L-03678,C3L-03678-23,Lung,M,Primary
C3N-04167,C3N-04167-22,Lung,M,Primary
C3N-04167,C3N-04167-21,Lung,M,Primary
C3L-05221,C3L-05221-24,Lung,M,Primary
C3N-04167,C3N-04167-23,Lung,M,Primary
C3L-05221,C3L-05221-21,Lung,M,Primary
C3L-05212,C3L-05212-23,Lung,F,Primary
C3L-05221,C3L-05221-22,Lung,M,Primary
C3N-03425,C3N-03425-25,Lung,F,Primary
C3L-05221,C3L-05221-25,Lung,M,Primary
C3L-05212,C3L-05212-22,Lung,F,Primary
C3L-04854,C3L-04854-21,Lung,M,Primary
C3L-04367,C3L-04367-23,Lung,M,Primary
C3L-04854,C3L-04854-24,Lung,M,Primary
C3L-05427,C3L-05427-23,Lung,M,Primary
C3L-05427,C3L-05427-24,Lung,M,Primary
C3L-05427,C3L-05427-21,Lung,M,Primary
C3N-00839,C3N-00839-21,Lung,M,Primary
C3N-00839,C3N-00839-22,Lung,M,Primary
C3N-00839,C3N-00839-23,Lung,M,Primary
C3L-05427,C3L-05427-22,Lung,M,Primary
C3L-05427,C3L-05427-25,Lung,M,Primary
C3L-05212,C3L-05212-21,Lung,F,Primary
C3L-05423,C3L-05423-24,Lung,M,Primary
C3L-05422,C3L-05422-22,Lung,M,Primary
C3L-05212,C3L-05212-25,Lung,F,Primary
C3L-05212,C3L-05212-24,Lung,F,Primary
C3N-00555,C3N-00555-21,Lung,M,Primary
C3N-03923,C3N-03923-22,Lung,M,Primary
C3N-03923,C3N-03923-23,Lung,M,Primary
C3N-00555,C3N-00555-24,Lung,M,Primary
C3N-03923,C3N-03923-21,Lung,M,Primary
C3N-00555,C3N-00555-22,Lung,M,Primary
C3N-00555,C3N-00555-23,Lung,M,Primary
C3L-05176,C3L-05176-23,Lung,M,Primary
C3N-03424,C3N-03424-23,Lung,M,Primary
C3L-05176,C3L-05176-22,Lung,M,Primary
C3L-05176,C3L-05176-21,Lung,M,Primary
C3L-05172,C3L-05172-21,Lung,M,Primary
C3L-05423,C3L-05423-23,Lung,M,Primary
C3L-05423,C3L-05423-22,Lung,M,Primary
C3L-05423,C3L-05423-21,Lung,M,Primary
C3L-05422,C3L-05422-23,Lung,M,Primary
C3L-05423,C3L-05423-25,Lung,M,Primary
C3L-05422,C3L-05422-21,Lung,M,Primary
C3L-05422,C3L-05422-24,Lung,M,Primary
C3N-04162,C3N-04162-23,Lung,M,Primary
C3N-04162,C3N-04162-22,Lung,M,Primary
C3L-03961,C3L-03961-23,Lung,F,Primary
C3N-03762,C3N-03762-21,Lung,F,Primary
C3L-03961,C3L-03961-25,Lung,F,Primary
C3L-03961,C3L-03961-24,Lung,F,Primary
C3L-05422,C3L-05422-25,Lung,M,Primary
C3L-05420,C3L-05420-24,Lung,F,Primary
C3L-05420,C3L-05420-22,Lung,F,Primary
C3L-05420,C3L-05420-21,Lung,F,Primary
C3L-05172,C3L-05172-24,Lung,M,Primary
C3L-05176,C3L-05176-25,Lung,M,Primary
C3L-05172,C3L-05172-23,Lung,M,Primary
C3L-03961,C3L-03961-22,Lung,F,Primary
C3L-05176,C3L-05176-24,Lung,M,Primary
C3N-00497,C3N-00497-21,Lung,F,Primary
C3L-03961,C3L-03961-21,Lung,F,Primary
C3L-03962,C3L-03962-24,Lung,M,Primary
C3L-03962,C3L-03962-25,Lung,M,Primary
C3L-03962,C3L-03962-21,Lung,M,Primary
C3L-03962,C3L-03962-23,Lung,M,Primary
C3L-03962,C3L-03962-22,Lung,M,Primary
C3L-03963,C3L-03963-25,Lung,M,Primary
C3L-03963,C3L-03963-22,Lung,M,Primary
C3L-04861,C3L-04861-24,Lung,M,Primary
C3L-04861,C3L-04861-23,Lung,M,Primary
C3L-04861,C3L-04861-21,Lung,M,Primary
C3L-03963,C3L-03963-21,Lung,M,Primary
C3L-03963,C3L-03963-23,Lung,M,Primary
C3L-03965,C3L-03965-25,Lung,M,Primary
C3L-03963,C3L-03963-24,Lung,M,Primary
C3L-03965,C3L-03965-22,Lung,M,Primary
C3L-03965,C3L-03965-21,Lung,M,Primary
C3L-03965,C3L-03965-23,Lung,M,Primary
C3L-03965,C3L-03965-24,Lung,M,Primary
C3L-03982,C3L-03982-23,Lung,M,Primary
C3L-03982,C3L-03982-24,Lung,M,Primary
C3L-04728,C3L-04728-21,Lung,F,Primary
C3L-05145,C3L-05145-24,Lung,M,Primary
C3L-05145,C3L-05145-25,Lung,M,Primary
C3L-04391,C3L-04391-23,Lung,M,Primary
C3L-05145,C3L-05145-21,Lung,M,Primary
C3L-05020,C3L-05020-24,Lung,F,Primary
C3L-04013,C3L-04013-22,Lung,M,Primary
C3L-04410,C3L-04410-22,Lung,F,Primary
C3L-04013,C3L-04013-24,Lung,M,Primary
C3L-04013,C3L-04013-25,Lung,M,Primary
C3L-05145,C3L-05145-23,Lung,M,Primary
C3L-04013,C3L-04013-21,Lung,M,Primary
C3L-04013,C3L-04013-23,Lung,M,Primary
C3L-04014,C3L-04014-25,Lung,M,Primary
C3L-04014,C3L-04014-24,Lung,M,Primary
C3L-04014,C3L-04014-22,Lung,M,Primary
C3L-04014,C3L-04014-21,Lung,M,Primary
C3L-04014,C3L-04014-23,Lung,M,Primary
C3L-04391,C3L-04391-22,Lung,M,Primary
C3L-04856,C3L-04856-21,Lung,M,Primary
C3L-04856,C3L-04856-23,Lung,M,Primary
C3L-04856,C3L-04856-24,Lung,M,Primary
C3L-04854,C3L-04854-25,Lung,M,Primary
C3L-05420,C3L-05420-23,Lung,F,Primary
C3L-04808,C3L-04808-21,Lung,F,Primary
C3L-04808,C3L-04808-22,Lung,F,Primary
C3L-05172,C3L-05172-22,Lung,M,Primary
C3L-05172,C3L-05172-25,Lung,M,Primary
C3L-04410,C3L-04410-21,Lung,F,Primary
C3N-01846,C3N-01846-23,Lung,M,Primary
C3L-04409,C3L-04409-23,Lung,M,Primary
C3N-01846,C3N-01846-21,Lung,M,Primary
C3N-01846,C3N-01846-22,Lung,M,Primary
C3L-04071,C3L-04071-21,Lung,M,Primary
C3L-04409,C3L-04409-21,Lung,M,Primary
C3L-04410,C3L-04410-23,Lung,F,Primary
C3L-04071,C3L-04071-23,Lung,M,Primary
C3L-04408,C3L-04408-21,Lung,M,Primary
C3L-05150,C3L-05150-22,Lung,M,Primary
C3L-05150,C3L-05150-21,Lung,M,Primary
C3N-00309,C3N-00309-23,Lung,M,Primary
C3L-05150,C3L-05150-25,Lung,M,Primary
C3N-00309,C3N-00309-21,Lung,M,Primary
C3N-01893,C3N-01893-22,Lung,M,Primary
C3L-05148,C3L-05148-21,Lung,M,Primary
C3L-05148,C3L-05148-24,Lung,M,Primary
C3L-05145,C3L-05145-22,Lung,M,Primary
C3L-05148,C3L-05148-25,Lung,M,Primary
C3L-05148,C3L-05148-22,Lung,M,Primary
C3N-01892,C3N-01892-28,Lung,M,Primary
C3L-05150,C3L-05150-23,Lung,M,Primary
C3L-05148,C3L-05148-23,Lung,M,Primary
C3L-05150,C3L-05150-24,Lung,M,Primary
C3N-01892,C3N-01892-29,Lung,M,Primary
C3L-00275,C3L-00275-21,Skin,M,Primary
C3L-00275,C3L-00275-22,Skin,M,Primary
C3L-00275,C3L-00275-23,Skin,M,Primary
C3N-00434,C3N-00434-23,Skin,F,Primary
C3N-00434,C3N-00434-21,Skin,F,Primary
C3N-00432,C3N-00432-21,Skin,M,Primary
C3N-00384,C3N-00384-21,Skin,F,Primary
C3N-00434,C3N-00434-22,Skin,F,Primary
C3N-00432,C3N-00432-22,Skin,M,Primary
C3N-00385,C3N-00385-25,Skin,M,Primary
C3N-00432,C3N-00432-23,Skin,M,Primary
C3N-00385,C3N-00385-21,Skin,M,Primary
C3N-00385,C3N-00385-24,Skin,M,Primary
C3N-00385,C3N-00385-23,Skin,M,Primary
C3N-00384,C3N-00384-22,Skin,F,Primary
C3N-00384,C3N-00384-23,Skin,F,Primary
C3N-00179,C3N-00179-21,Skin,M,Primary
C3N-00179,C3N-00179-23,Skin,M,Primary
C3N-00179,C3N-00179-22,Skin,M,Primary
C3N-00179,C3N-00179-24,Skin,M,Primary
