slide_id,case_id,label,sex,site
C3L-00629-22,C3L-00629,Skin,M,Metastatic
C3L-04011-23,C3L-04011,Skin,F,Primary
C3L-04011-24,C3L-04011,Skin,F,Primary
C3L-04011-25,C3L-04011,Skin,F,Primary
C3L-02647-25,C3L-02647,Skin,M,Primary
C3L-02647-24,C3L-02647,Skin,M,Primary
C3L-02647-23,C3L-02647,Skin,M,Primary
C3L-02647-22,C3L-02647,Skin,M,Primary
C3L-02647-21,C3L-02647,Skin,M,Primary
C3N-04294-21,C3N-04294,Skin,M,Primary
C3L-03381-24,C3L-03381,Skin,M,Primary
C3L-03382-22,C3L-03382,Skin,M,Primary
C3L-03382-21,C3L-03382,Skin,M,Primary
C3L-03381-23,C3L-03381,Skin,M,Primary
C3L-03377-22,C3L-03377,Skin,F,Primary
C3L-03377-21,C3L-03377,Skin,F,Primary
C3L-03374-23,C3L-03374,Skin,M,Primary
C3L-03374-21,C3L-03374,Skin,M,Primary
C3N-04293-22,C3N-04293,Skin,M,Primary
C3L-03367-21,C3L-03367,Skin,M,Primary
C3L-02622-25,C3L-02622,Skin,M,Primary
C3L-02622-24,C3L-02622,Skin,M,Primary
C3L-02622-23,C3L-02622,Skin,M,Primary
C3L-02622-22,C3L-02622,Skin,M,Primary
C3L-02622-21,C3L-02622,Skin,M,Primary
C3L-02615-25,C3L-02615,Skin,M,Primary
C3L-02615-24,C3L-02615,Skin,M,Primary
C3L-02615-22,C3L-02615,Skin,M,Primary
C3L-02615-23,C3L-02615,Skin,M,Primary
C3L-02615-21,C3L-02615,Skin,M,Primary
C3N-04142-23,C3N-04142,Skin,F,Primary
C3N-04142-22,C3N-04142,Skin,F,Primary
C3N-04142-21,C3N-04142,Skin,F,Primary
C3N-03916-23,C3N-03916,Skin,M,Primary
C3N-03916-22,C3N-03916,Skin,M,Primary
C3N-03916-21,C3N-03916,Skin,M,Primary
C3L-04733-21,C3L-04733,Skin,F,Primary
C3L-04733-22,C3L-04733,Skin,F,Primary
C3L-04733-24,C3L-04733,Skin,F,Primary
C3L-04733-23,C3L-04733,Skin,F,Primary
C3L-04760-21,C3L-04760,Skin,M,Primary
C3L-04760-24,C3L-04760,Skin,M,Primary
C3L-04760-23,C3L-04760,Skin,M,Primary
C3L-04760-22,C3L-04760,Skin,M,Primary
C3N-03913-23,C3N-03913,Skin,F,Primary
C3N-03913-22,C3N-03913,Skin,F,Primary
C3N-03913-21,C3N-03913,Skin,F,Primary
C3L-04787-21,C3L-04787,Skin,F,Primary
C3L-04787-22,C3L-04787,Skin,F,Primary
C3L-04787-23,C3L-04787,Skin,F,Primary
C3N-03885-23,C3N-03885,Skin,M,Primary
C3N-03885-22,C3N-03885,Skin,M,Primary
C3L-04787-24,C3L-04787,Skin,F,Primary
C3N-03885-21,C3N-03885,Skin,M,Primary
C3N-03614-23,C3N-03614,Skin,M,Primary
C3N-03617-23,C3N-03617,Skin,M,Primary
C3N-03617-22,C3N-03617,Skin,M,Primary
C3N-03617-21,C3N-03617,Skin,M,Primary
C3N-03614-22,C3N-03614,Skin,M,Primary
C3N-03614-21,C3N-03614,Skin,M,Primary
C3N-03460-23,C3N-03460,Skin,F,Primary
C3N-03460-22,C3N-03460,Skin,F,Primary
C3N-03460-21,C3N-03460,Skin,F,Primary
C3N-03234-23,C3N-03234,Skin,M,Primary
C3N-03239-23,C3N-03239,Skin,F,Primary
C3N-03239-22,C3N-03239,Skin,F,Primary
C3N-03239-21,C3N-03239,Skin,F,Primary
C3N-03234-21,C3N-03234,Skin,M,Primary
C3N-03235-23,C3N-03235,Skin,F,Primary
C3N-03235-22,C3N-03235,Skin,F,Primary
C3N-03235-21,C3N-03235,Skin,F,Primary
C3N-02040-21,C3N-02040,Skin,F,Primary
C3N-03234-22,C3N-03234,Skin,M,Primary
C3N-03229-22,C3N-03229,Skin,M,Primary
C3N-03228-21,C3N-03228,Skin,M,Primary
C3N-03229-23,C3N-03229,Skin,M,Primary
C3N-02035-22,C3N-02035,Skin,M,Metastatic
C3N-02040-23,C3N-02040,Skin,F,Primary
C3N-02040-22,C3N-02040,Skin,F,Primary
C3N-02035-23,C3N-02035,Skin,M,Metastatic
C3N-02035-21,C3N-02035,Skin,M,Metastatic
C3L-02102-27,C3L-02102,Skin,M,Primary
C3N-02033-23,C3N-02033,Skin,F,Primary
C3N-02033-22,C3N-02033,Skin,F,Primary
C3N-02033-21,C3N-02033,Skin,F,Primary
C3L-02102-28,C3L-02102,Skin,M,Primary
C3N-02026-21,C3N-02026,Skin,F,Primary
C3L-02102-23,C3L-02102,Skin,M,Primary
C3L-02102-22,C3L-02102,Skin,M,Primary
C3L-02102-21,C3L-02102,Skin,M,Primary
C3N-03229-21,C3N-03229,Skin,M,Primary
C3N-02026-23,C3N-02026,Skin,F,Primary
C3N-02026-22,C3N-02026,Skin,F,Primary
C3N-01845-25,C3N-01845,Skin,M,Primary
C3N-01844-22,C3N-01844,Skin,F,Primary
C3N-01844-23,C3N-01844,Skin,F,Primary
C3N-01845-24,C3N-01845,Skin,M,Primary
C3N-01845-23,C3N-01845,Skin,M,Primary
C3N-01845-22,C3N-01845,Skin,M,Primary
C3N-01845-21,C3N-01845,Skin,M,Primary
C3N-03228-23,C3N-03228,Skin,M,Primary
C3N-03228-22,C3N-03228,Skin,M,Primary
C3N-00179-21,C3N-00179,Skin,M,Primary
C3N-01844-21,C3N-01844,Skin,F,Primary
C3N-00179-24,C3N-00179,Skin,M,Primary
C3N-01841-23,C3N-01841,Skin,M,Primary
C3N-01841-22,C3N-01841,Skin,M,Primary
C3N-01841-21,C3N-01841,Skin,M,Primary
C3N-00179-22,C3N-00179,Skin,M,Primary
C3N-00179-23,C3N-00179,Skin,M,Primary
C3N-03223-23,C3N-03223,Skin,F,Primary
C3N-01824-22,C3N-01824,Skin,M,Primary
C3N-01824-21,C3N-01824,Skin,M,Primary
C3N-03223-21,C3N-03223,Skin,F,Primary
C3N-03223-22,C3N-03223,Skin,F,Primary
C3N-01824-23,C3N-01824,Skin,M,Primary
C3N-03220-22,C3N-03220,Skin,F,Primary
C3N-03220-23,C3N-03220,Skin,F,Primary
C3N-03220-21,C3N-03220,Skin,F,Primary
C3N-00209-21,C3N-00209,Skin,F,Primary
C3N-00209-22,C3N-00209,Skin,F,Primary
C3N-01533-23,C3N-01533,Skin,M,Primary
C3N-01533-21,C3N-01533,Skin,M,Primary
C3N-01533-22,C3N-01533,Skin,M,Primary
C3N-00209-23,C3N-00209,Skin,F,Primary
C3N-00209-24,C3N-00209,Skin,F,Primary
C3N-01530-23,C3N-01530,Skin,M,Primary
C3N-01530-21,C3N-01530,Skin,M,Primary
C3N-01530-22,C3N-01530,Skin,M,Primary
C3N-00220-21,C3N-00220,Skin,F,Primary
C3N-00220-22,C3N-00220,Skin,F,Primary
C3N-00220-23,C3N-00220,Skin,F,Primary
C3N-00220-24,C3N-00220,Skin,F,Primary
C3N-03097-25,C3N-03097,Skin,M,Primary
C3N-03097-23,C3N-03097,Skin,M,Primary
C3N-03097-24,C3N-03097,Skin,M,Primary
C3N-03097-22,C3N-03097,Skin,M,Primary
C3N-03097-21,C3N-03097,Skin,M,Primary
C3N-03029-21,C3N-03029,Skin,M,Primary
C3N-02679-22,C3N-02679,Skin,M,Primary
C3N-02679-21,C3N-02679,Skin,M,Primary
C3N-02633-22,C3N-02633,Skin,F,Primary
C3N-02633-21,C3N-02633,Skin,F,Primary
C3N-02373-23,C3N-02373,Skin,M,Primary
C3N-02373-22,C3N-02373,Skin,M,Primary
C3N-02373-21,C3N-02373,Skin,M,Primary
C3L-04011-21,C3L-04011,Skin,F,Primary
C3N-02335-23,C3N-02335,Skin,M,Primary
C3N-02335-22,C3N-02335,Skin,M,Primary
C3N-02335-21,C3N-02335,Skin,M,Primary
C3N-02330-23,C3N-02330,Skin,F,Primary
C3N-02330-22,C3N-02330,Skin,F,Primary
C3N-02330-21,C3N-02330,Skin,F,Primary
C3N-02327-23,C3N-02327,Skin,F,Primary
C3N-02327-21,C3N-02327,Skin,F,Primary
C3N-02327-22,C3N-02327,Skin,F,Primary
C3N-02324-23,C3N-02324,Skin,M,Primary
C3N-02324-22,C3N-02324,Skin,M,Primary
C3N-02324-21,C3N-02324,Skin,M,Primary
C3L-00275-21,C3L-00275,Skin,M,Primary
C3L-00275-23,C3L-00275,Skin,M,Primary
C3L-00275-22,C3L-00275,Skin,M,Primary
C3N-01481-21,C3N-01481,Skin,F,Primary
C3N-01481-23,C3N-01481,Skin,F,Primary
C3N-01481-24,C3N-01481,Skin,F,Primary
C3N-02270-22,C3N-02270,Skin,M,Primary
C3N-01492-21,C3N-01492,Skin,F,Primary
C3N-01492-22,C3N-01492,Skin,F,Primary
C3N-01492-24,C3N-01492,Skin,F,Primary
C3N-01493-21,C3N-01493,Skin,M,Primary
C3N-00434-23,C3N-00434,Skin,F,Primary
C3N-00434-22,C3N-00434,Skin,F,Primary
C3N-00434-21,C3N-00434,Skin,F,Primary
C3N-01493-22,C3N-01493,Skin,M,Primary
C3N-01493-23,C3N-01493,Skin,M,Primary
C3N-01493-24,C3N-01493,Skin,M,Primary
C3N-01494-22,C3N-01494,Skin,F,Primary
C3N-00432-22,C3N-00432,Skin,M,Primary
C3N-00432-23,C3N-00432,Skin,M,Primary
C3N-00432-21,C3N-00432,Skin,M,Primary
C3N-01494-21,C3N-01494,Skin,F,Primary
C3N-01494-23,C3N-01494,Skin,F,Primary
C3N-01494-24,C3N-01494,Skin,F,Primary
C3N-01495-22,C3N-01495,Skin,F,Primary
C3N-00385-23,C3N-00385,Skin,M,Primary
C3N-00385-24,C3N-00385,Skin,M,Primary
C3N-00385-21,C3N-00385,Skin,M,Primary
C3N-00385-25,C3N-00385,Skin,M,Primary
C3N-00384-23,C3N-00384,Skin,F,Primary
C3N-00384-22,C3N-00384,Skin,F,Primary
C3N-00384-21,C3N-00384,Skin,F,Primary
C3N-01495-21,C3N-01495,Skin,F,Primary
C3N-01495-23,C3N-01495,Skin,F,Primary
C3N-01495-24,C3N-01495,Skin,F,Primary
C3N-00378-23,C3N-00378,Skin,M,Primary
C3N-00378-22,C3N-00378,Skin,M,Primary
C3N-00378-21,C3N-00378,Skin,M,Primary
C3N-00376-25,C3N-00376,Skin,F,Primary
C3N-00376-21,C3N-00376,Skin,F,Primary
C3N-00376-24,C3N-00376,Skin,F,Primary
C3N-00376-23,C3N-00376,Skin,F,Primary
C3N-00376-22,C3N-00376,Skin,F,Primary
C3N-00327-25,C3N-00327,Skin,F,Primary
C3N-00327-23,C3N-00327,Skin,F,Primary
C3N-00327-22,C3N-00327,Skin,F,Primary
C3N-00327-24,C3N-00327,Skin,F,Primary
C3N-00327-21,C3N-00327,Skin,F,Primary
C3N-00874-25,C3N-00874,Skin,M,Primary
C3L-00629-21,C3L-00629,Skin,M,Metastatic
C3L-00629-23,C3L-00629,Skin,M,Metastatic
C3L-00629-24,C3L-00629,Skin,M,Metastatic
C3L-00967-21,C3L-00967,Skin,F,Primary
C3L-00967-22,C3L-00967,Skin,F,Primary
C3L-00967-23,C3L-00967,Skin,F,Primary
C3L-00967-24,C3L-00967,Skin,F,Primary
C3L-00989-21,C3L-00989,Skin,M,Primary
C3L-00989-22,C3L-00989,Skin,M,Primary
C3L-00989-24,C3L-00989,Skin,M,Primary
C3L-00989-23,C3L-00989,Skin,M,Primary
C3L-01063-23,C3L-01063,Skin,F,Primary
C3L-04011-22,C3L-04011,Skin,F,Primary
C3L-04013-21,C3L-04013,Lung,M,Primary
C3L-04013-23,C3L-04013,Lung,M,Primary
C3L-04014-21,C3L-04014,Lung,M,Primary
C3L-04014-22,C3L-04014,Lung,M,Primary
C3L-04014-23,C3L-04014,Lung,M,Primary
C3L-04014-24,C3L-04014,Lung,M,Primary
C3L-04014-25,C3L-04014,Lung,M,Primary
C3L-04013-22,C3L-04013,Lung,M,Primary
C3L-04013-25,C3L-04013,Lung,M,Primary
C3L-04013-24,C3L-04013,Lung,M,Primary
C3L-00904-22,C3L-00904,Lung,M,Primary
C3L-00904-21,C3L-00904,Lung,M,Primary
C3N-02434-23,C3N-02434,Lung,M,Primary
C3N-03093-24,C3N-03093,Lung,F,Primary
C3N-02434-21,C3N-02434,Lung,M,Primary
C3N-02435-22,C3N-02435,Lung,F,Primary
C3N-00309-21,C3N-00309,Lung,M,Primary
C3N-00309-23,C3N-00309,Lung,M,Primary
C3L-01000-24,C3L-01000,Lung,M,Primary
C3L-01000-25,C3L-01000,Lung,M,Primary
C3L-03965-23,C3L-03965,Lung,M,Primary
C3L-03965-22,C3L-03965,Lung,M,Primary
C3L-03965-25,C3L-03965,Lung,M,Primary
C3L-03965-24,C3L-03965,Lung,M,Primary
C3L-03965-21,C3L-03965,Lung,M,Primary
C3L-03963-22,C3L-03963,Lung,M,Primary
C3L-03963-25,C3L-03963,Lung,M,Primary
C3L-03963-24,C3L-03963,Lung,M,Primary
C3L-03963-23,C3L-03963,Lung,M,Primary
C3L-03963-21,C3L-03963,Lung,M,Primary
C3L-03962-25,C3L-03962,Lung,M,Primary
C3L-03962-24,C3L-03962,Lung,M,Primary
C3L-03962-23,C3L-03962,Lung,M,Primary
C3L-03962-22,C3L-03962,Lung,M,Primary
C3L-03962-21,C3L-03962,Lung,M,Primary
C3N-00309-24,C3N-00309,Lung,M,Primary
C3L-03961-25,C3L-03961,Lung,F,Primary
C3L-03961-24,C3L-03961,Lung,F,Primary
C3L-03961-23,C3L-03961,Lung,F,Primary
C3L-03961-22,C3L-03961,Lung,F,Primary
C3N-01028-24,C3N-01028,Lung,M,Primary
C3L-03961-21,C3L-03961,Lung,F,Primary
C3N-02494-21,C3N-02494,Lung,F,Primary
C3N-03848-21,C3N-03848,Lung,F,Primary
C3L-00993-24,C3L-00993,Lung,M,Primary
C3L-00993-23,C3L-00993,Lung,M,Primary
C3L-00993-22,C3L-00993,Lung,M,Primary
C3L-00993-21,C3L-00993,Lung,M,Primary
C3L-02669-25,C3L-02669,Lung,M,Primary
C3L-02669-24,C3L-02669,Lung,M,Primary
C3L-02669-23,C3L-02669,Lung,M,Primary
C3L-02669-21,C3L-02669,Lung,M,Primary
C3L-02669-22,C3L-02669,Lung,M,Primary
C3L-02665-22,C3L-02665,Lung,M,Primary
C3L-02665-25,C3L-02665,Lung,M,Primary
C3L-02665-21,C3L-02665,Lung,M,Primary
C3L-02665-23,C3L-02665,Lung,M,Primary
C3L-02665-24,C3L-02665,Lung,M,Primary
C3L-02660-25,C3L-02660,Lung,M,Primary
C3L-02660-24,C3L-02660,Lung,M,Primary
C3L-02660-23,C3L-02660,Lung,M,Primary
C3L-02660-22,C3L-02660,Lung,M,Primary
C3L-02660-21,C3L-02660,Lung,M,Primary
C3L-01285-23,C3L-01285,Lung,M,Primary
C3N-03851-21,C3N-03851,Lung,M,Primary
C3L-02650-24,C3L-02650,Lung,M,Primary
C3L-02650-26,C3L-02650,Lung,M,Primary
C3L-02650-25,C3L-02650,Lung,M,Primary
C3L-02650-23,C3L-02650,Lung,M,Primary
C3L-02650-22,C3L-02650,Lung,M,Primary
C3N-01020-23,C3N-01020,Lung,M,Primary
C3L-02649-25,C3L-02649,Lung,M,Primary
C3L-02649-24,C3L-02649,Lung,M,Primary
C3L-02649-23,C3L-02649,Lung,M,Primary
C3L-02649-22,C3L-02649,Lung,M,Primary
C3L-02649-21,C3L-02649,Lung,M,Primary
C3L-02648-25,C3L-02648,Lung,M,Primary
C3L-02648-24,C3L-02648,Lung,M,Primary
C3L-02648-23,C3L-02648,Lung,M,Primary
C3L-02648-22,C3L-02648,Lung,M,Primary
C3L-02648-21,C3L-02648,Lung,M,Primary
C3L-02646-22,C3L-02646,Lung,M,Primary
C3L-02646-24,C3L-02646,Lung,M,Primary
C3L-02646-23,C3L-02646,Lung,M,Primary
C3L-02646-25,C3L-02646,Lung,M,Primary
C3L-02646-21,C3L-02646,Lung,M,Primary
C3N-01020-24,C3N-01020,Lung,M,Primary
C3N-01020-22,C3N-01020,Lung,M,Primary
C3N-01020-21,C3N-01020,Lung,M,Primary
C3L-00445-26,C3L-00445,Lung,M,Primary
C3L-00445-25,C3L-00445,Lung,M,Primary
C3N-01018-21,C3N-01018,Lung,M,Primary
C3N-03093-22,C3N-03093,Lung,F,Primary
C3N-01018-24,C3N-01018,Lung,M,Primary
C3N-01018-23,C3N-01018,Lung,M,Primary
C3N-01017-21,C3N-01017,Lung,M,Primary
C3N-01018-22,C3N-01018,Lung,M,Primary
C3N-01017-22,C3N-01017,Lung,M,Primary
C3N-01017-24,C3N-01017,Lung,M,Primary
C3N-01017-23,C3N-01017,Lung,M,Primary
C3L-02629-25,C3L-02629,Lung,M,Primary
C3L-02629-24,C3L-02629,Lung,M,Primary
C3L-02629-23,C3L-02629,Lung,M,Primary
C3L-02629-22,C3L-02629,Lung,M,Primary
C3L-02629-21,C3L-02629,Lung,M,Primary
C3L-02627-22,C3L-02627,Lung,F,Primary
C3L-02627-25,C3L-02627,Lung,F,Primary
C3L-02627-24,C3L-02627,Lung,F,Primary
C3L-02627-23,C3L-02627,Lung,F,Primary
C3L-02627-21,C3L-02627,Lung,F,Primary
C3L-02625-25,C3L-02625,Lung,M,Primary
C3L-02625-21,C3L-02625,Lung,M,Primary
C3L-02625-24,C3L-02625,Lung,M,Primary
C3L-02625-23,C3L-02625,Lung,M,Primary
C3L-02625-22,C3L-02625,Lung,M,Primary
C3L-02624-25,C3L-02624,Lung,M,Primary
C3L-02624-24,C3L-02624,Lung,M,Primary
C3L-02624-23,C3L-02624,Lung,M,Primary
C3L-02624-21,C3L-02624,Lung,M,Primary
C3L-02624-22,C3L-02624,Lung,M,Primary
C3L-00415-23,C3L-00415,Lung,F,Primary
C3L-02619-25,C3L-02619,Lung,M,Primary
C3L-02619-24,C3L-02619,Lung,M,Primary
C3L-02619-23,C3L-02619,Lung,M,Primary
C3L-02619-22,C3L-02619,Lung,M,Primary
C3L-02619-21,C3L-02619,Lung,M,Primary
C3N-02523-21,C3N-02523,Lung,M,Primary
C3N-03851-24,C3N-03851,Lung,M,Primary
C3L-00415-21,C3L-00415,Lung,F,Primary
C3N-03204-21,C3N-03204,Lung,M,Primary
C3L-02891-21,C3L-02891,Lung,F,Primary
C3L-02891-23,C3L-02891,Lung,F,Primary
C3L-02951-22,C3L-02951,Lung,M,Primary
C3N-00221-28,C3N-00221,Lung,M,Primary
C3N-00221-25,C3N-00221,Lung,M,Primary
C3N-00221-27,C3N-00221,Lung,M,Primary
C3N-00221-26,C3N-00221,Lung,M,Primary
C3N-00221-24,C3N-00221,Lung,M,Primary
C3L-02951-23,C3L-02951,Lung,M,Primary
C3N-03875-21,C3N-03875,Lung,M,Primary
C3N-03875-22,C3N-03875,Lung,M,Primary
C3L-01285-21,C3L-01285,Lung,M,Primary
C3L-01285-22,C3L-01285,Lung,M,Primary
C3N-03092-21,C3N-03092,Lung,M,Primary
C3N-03204-22,C3N-03204,Lung,M,Primary
C3L-02552-23,C3L-02552,Lung,M,Primary
C3L-02552-22,C3L-02552,Lung,M,Primary
C3L-02546-23,C3L-02546,Lung,M,Primary
C3L-02546-21,C3L-02546,Lung,M,Primary
C3L-02963-22,C3L-02963,Lung,M,Primary
C3L-02963-23,C3L-02963,Lung,M,Primary
C3N-01892-28,C3N-01892,Lung,M,Primary
C3L-02964-22,C3L-02964,Lung,M,Primary
C3L-02964-21,C3L-02964,Lung,M,Primary
C3N-01892-29,C3N-01892,Lung,M,Primary
C3L-02963-21,C3L-02963,Lung,M,Primary
C3N-04124-21,C3N-04124,Lung,M,Primary
C3L-02968-22,C3L-02968,Lung,M,Primary
C3L-02969-21,C3L-02969,Lung,M,Primary
C3L-02969-22,C3L-02969,Lung,M,Primary
C3N-04124-22,C3N-04124,Lung,M,Primary
C3L-00568-23,C3L-00568,Lung,F,Primary
C3N-01893-22,C3N-01893,Lung,M,Primary
C3L-00568-22,C3L-00568,Lung,F,Primary
C3N-01893-23,C3N-01893,Lung,M,Primary
C3N-03424-23,C3N-03424,Lung,M,Primary
C3N-03425-25,C3N-03425,Lung,F,Primary
C3L-02358-22,C3L-02358,Lung,F,Primary
C3L-02358-21,C3L-02358,Lung,F,Primary
C3L-02358-23,C3L-02358,Lung,F,Primary
C3L-00568-21,C3L-00568,Lung,F,Primary
C3L-02349-21,C3L-02349,Lung,F,Primary
C3N-04162-21,C3N-04162,Lung,M,Primary
C3N-04162-22,C3N-04162,Lung,M,Primary
C3N-04162-23,C3N-04162,Lung,M,Primary
C3N-02523-22,C3N-02523,Lung,M,Primary
C3N-03877-21,C3N-03877,Lung,M,Primary
C3N-03877-22,C3N-03877,Lung,M,Primary
C3N-03441-21,C3N-03441,Lung,M,Primary
C3L-00503-23,C3L-00503,Lung,F,Primary
C3N-03880-22,C3N-03880,Lung,M,Primary
C3L-02170-23,C3L-02170,Lung,M,Primary
C3L-02170-22,C3L-02170,Lung,M,Primary
C3L-02170-21,C3L-02170,Lung,M,Primary
C3N-02575-21,C3N-02575,Lung,M,Primary
C3L-02168-23,C3L-02168,Lung,M,Primary
C3L-02164-22,C3L-02164,Lung,M,Primary
C3L-02168-24,C3L-02168,Lung,M,Primary
C3L-02163-22,C3L-02163,Lung,M,Primary
C3L-02163-21,C3L-02163,Lung,M,Primary
C3L-02168-22,C3L-02168,Lung,M,Primary
C3L-02168-21,C3L-02168,Lung,M,Primary
C3L-02164-23,C3L-02164,Lung,M,Primary
C3L-02164-21,C3L-02164,Lung,M,Primary
C3L-02163-23,C3L-02163,Lung,M,Primary
C3L-02130-24,C3L-02130,Lung,M,Primary
C3L-02130-23,C3L-02130,Lung,M,Primary
C3L-02130-22,C3L-02130,Lung,M,Primary
C3L-02130-21,C3L-02130,Lung,M,Primary
C3L-02127-24,C3L-02127,Lung,M,Primary
C3L-02127-23,C3L-02127,Lung,M,Primary
C3L-02127-22,C3L-02127,Lung,M,Primary
C3L-02127-21,C3L-02127,Lung,M,Primary
C3L-00081-21,C3L-00081,Lung,F,Primary
C3L-00503-22,C3L-00503,Lung,F,Primary
C3N-00211-22,C3N-00211,Lung,M,Primary
C3L-03272-21,C3L-03272,Lung,M,Primary
C3N-00211-23,C3N-00211,Lung,M,Primary
C3L-03272-23,C3L-03272,Lung,M,Primary
C3L-00503-21,C3L-00503,Lung,F,Primary
C3N-03882-21,C3N-03882,Lung,M,Primary
C3N-03882-22,C3N-03882,Lung,M,Primary
C3L-00603-22,C3L-00603,Lung,M,Primary
C3L-00603-21,C3L-00603,Lung,M,Primary
C3N-02575-22,C3N-02575,Lung,M,Primary
C3N-04127-21,C3N-04127,Lung,M,Primary
C3L-01663-22,C3L-01663,Lung,F,Primary
C3N-01194-24,C3N-01194,Lung,M,Primary
C3L-04071-23,C3L-04071,Lung,M,Primary
C3N-04127-22,C3N-04127,Lung,M,Primary
C3L-03272-22,C3L-03272,Lung,M,Primary
C3N-01846-23,C3N-01846,Lung,M,Primary
C3N-01846-22,C3N-01846,Lung,M,Primary
C3N-01846-21,C3N-01846,Lung,M,Primary
C3N-02252-29,C3N-02252,Lung,F,Primary
C3L-04071-21,C3L-04071,Lung,M,Primary
C3N-03072-21,C3N-03072,Lung,M,Primary
C3L-00965-24,C3L-00965,Lung,M,Primary
C3L-00965-23,C3L-00965,Lung,M,Primary
C3L-00965-22,C3L-00965,Lung,M,Primary
C3L-00965-21,C3L-00965,Lung,M,Primary
C3N-03486-21,C3N-03486,Lung,M,Primary
C3N-03486-22,C3N-03486,Lung,M,Primary
C3N-03486-23,C3N-03486,Lung,M,Primary
C3N-03886-21,C3N-03886,Lung,M,Primary
C3L-01606-21,C3L-01606,Lung,M,Primary
C3N-03886-22,C3N-03886,Lung,M,Primary
C3N-02426-22,C3N-02426,Lung,F,Primary
C3N-03886-23,C3N-03886,Lung,M,Primary
C3N-00555-24,C3N-00555,Lung,M,Primary
C3N-00555-23,C3N-00555,Lung,M,Primary
C3N-00555-22,C3N-00555,Lung,M,Primary
C3N-00555-21,C3N-00555,Lung,M,Primary
C3N-02283-21,C3N-02283,Lung,M,Primary
C3N-02285-23,C3N-02285,Lung,F,Primary
C3N-02285-24,C3N-02285,Lung,F,Primary
C3N-02284-22,C3N-02284,Lung,M,Primary
C3N-03076-21,C3N-03076,Lung,M,Primary
C3N-03076-22,C3N-03076,Lung,M,Primary
C3N-02288-23,C3N-02288,Lung,F,Primary
C3N-03092-23,C3N-03092,Lung,M,Primary
C3N-02289-26,C3N-02289,Lung,M,Primary
C3N-04155-21,C3N-04155,Lung,M,Primary
C3N-02300-22,C3N-02300,Lung,F,Primary
C3N-03093-21,C3N-03093,Lung,F,Primary
C3N-04155-22,C3N-04155,Lung,M,Primary
C3N-04155-23,C3N-04155,Lung,M,Primary
C3N-03092-22,C3N-03092,Lung,M,Primary
C3N-03093-23,C3N-03093,Lung,F,Primary
C3N-00497-21,C3N-00497,Lung,F,Primary
C3N-00247-23,C3N-00247,Lung,F,Primary
C3N-03092-24,C3N-03092,Lung,M,Primary
C3L-01884-22,C3L-01884,Lung,M,Primary
C3L-01884-23,C3L-01884,Lung,M,Primary
C3L-01884-21,C3L-01884,Lung,M,Primary
C3N-03880-21,C3N-03880,Lung,M,Primary
C3N-01028-23,C3N-01028,Lung,M,Primary
C3N-01028-22,C3N-01028,Lung,M,Primary
C3L-00927-23,C3L-00927,Lung,M,Primary
C3L-00927-22,C3L-00927,Lung,M,Primary
C3L-00927-21,C3L-00927,Lung,M,Primary
C3N-01028-21,C3N-01028,Lung,M,Primary
C3L-00923-23,C3L-00923,Lung,F,Primary
C3N-01025-24,C3N-01025,Lung,M,Primary
C3N-01025-23,C3N-01025,Lung,M,Primary
C3N-02675-24,C3N-02675,Lung,M,Primary
C3N-01025-22,C3N-01025,Lung,M,Primary
C3N-01025-21,C3N-01025,Lung,M,Primary
C3N-00839-23,C3N-00839,Lung,M,Primary
C3N-00839-22,C3N-00839,Lung,M,Primary
C3N-00839-21,C3N-00839,Lung,M,Primary
C3N-00247-22,C3N-00247,Lung,F,Primary
C3N-01411-21,C3N-01411,Lung,M,Primary
C3N-01411-24,C3N-01411,Lung,M,Primary
C3N-01411-23,C3N-01411,Lung,M,Primary
C3N-01411-22,C3N-01411,Lung,M,Primary
C3L-01455-22,C3L-01455,Lung,M,Primary
C3L-01455-23,C3L-01455,Lung,M,Primary
C3L-01455-21,C3L-01455,Lung,M,Primary
C3L-04391-23,C3L-04391,Lung,M,Primary
C3N-03662-21,C3N-03662,Lung,M,Primary
C3N-00211-24,C3N-00211,Lung,M,Primary
C3N-03662-22,C3N-03662,Lung,M,Primary
C3L-01838-23,C3L-01838,Lung,M,Primary
C3N-03662-23,C3N-03662,Lung,M,Primary
C3N-03051-21,C3N-03051,Lung,M,Primary
C3N-02339-22,C3N-02339,Lung,M,Primary
C3N-02339-21,C3N-02339,Lung,M,Primary
C3N-02339-23,C3N-02339,Lung,M,Primary
C3N-00247-21,C3N-00247,Lung,F,Primary
C3N-02374-21,C3N-02374,Lung,M,Primary
C3N-02374-22,C3N-02374,Lung,M,Primary
C3N-00211-21,C3N-00211,Lung,M,Primary
C3N-02375-21,C3N-02375,Lung,M,Primary
C3N-02375-22,C3N-02375,Lung,M,Primary
C3N-02425-21,C3N-02425,Lung,M,Primary
C3N-03051-22,C3N-03051,Lung,M,Primary
C3N-02426-21,C3N-02426,Lung,F,Primary
C3N-02425-22,C3N-02425,Lung,M,Primary
C3N-03072-22,C3N-03072,Lung,M,Primary
C3N-02435-21,C3N-02435,Lung,F,Primary
C3L-03678-23,C3L-03678,Lung,M,Primary
C3L-03678-21,C3L-03678,Lung,M,Primary
C3N-00309-22,C3N-00309,Lung,M,Primary
